id;meta;profile_picture;profile_picture_content_type;firstname;lastname;middlename;bio;school;major;social_links;nationality_id;gender_id;pronoun_id;race_id;address_id;birthdate
1;../fake-data/blob/hipster.txt;../fake-data/blob/hipster.png;image/png;Alaska;utilize;Togo architectures;../fake-data/blob/hipster.txt;92101;1921;../fake-data/blob/hipster.txt;40227;11579;40170;69919;28693;2022-03-28
2;../fake-data/blob/hipster.txt;../fake-data/blob/hipster.png;image/png;Incredible empower;blue;Buckinghamshire bypass;../fake-data/blob/hipster.txt;12030;31249;../fake-data/blob/hipster.txt;95902;8581;65225;82188;92287;2022-03-28
3;../fake-data/blob/hipster.txt;../fake-data/blob/hipster.png;image/png;Wyoming connect Metal;Sausages Kyrgyz New;interactive grey services;../fake-data/blob/hipster.txt;60633;22013;../fake-data/blob/hipster.txt;88462;88307;67262;94101;32068;2022-03-28
4;../fake-data/blob/hipster.txt;../fake-data/blob/hipster.png;image/png;Unbranded Kids intermediate;cyan Generic;Loan dedicated array;../fake-data/blob/hipster.txt;92727;47802;../fake-data/blob/hipster.txt;70728;99496;98788;79259;3289;2022-03-28
5;../fake-data/blob/hipster.txt;../fake-data/blob/hipster.png;image/png;payment Fish;bypass Corporate;Generic;../fake-data/blob/hipster.txt;95104;61465;../fake-data/blob/hipster.txt;74546;23102;9711;27561;97048;2022-03-28
6;../fake-data/blob/hipster.txt;../fake-data/blob/hipster.png;image/png;channels;compress hacking Concrete;Tasty;../fake-data/blob/hipster.txt;73182;8764;../fake-data/blob/hipster.txt;55884;83388;89377;23214;14161;2022-03-28
7;../fake-data/blob/hipster.txt;../fake-data/blob/hipster.png;image/png;full-range blue Salad;Tactics Bahamas;Gloves International hacking;../fake-data/blob/hipster.txt;4944;10368;../fake-data/blob/hipster.txt;98027;57252;78750;51120;26213;2022-03-28
8;../fake-data/blob/hipster.txt;../fake-data/blob/hipster.png;image/png;Fresh Loan;Pataca port Unbranded;connecting Wooden;../fake-data/blob/hipster.txt;38465;50948;../fake-data/blob/hipster.txt;42066;81885;57144;96203;79241;2022-03-28
9;../fake-data/blob/hipster.txt;../fake-data/blob/hipster.png;image/png;Cotton SAS;Buckinghamshire;programming;../fake-data/blob/hipster.txt;68692;44539;../fake-data/blob/hipster.txt;7742;9323;18176;14056;73347;2022-03-28
10;../fake-data/blob/hipster.txt;../fake-data/blob/hipster.png;image/png;Bedfordshire navigate;Cotton;driver Organized Mississippi;../fake-data/blob/hipster.txt;37944;78644;../fake-data/blob/hipster.txt;81168;3876;24828;40715;74774;2022-03-28
